{
  "project_info": {
    "project_number": "256648308753",
    "firebase_url": "https://crowner-c64ae-default-rtdb.firebaseio.com",
    "project_id": "crowner-c64ae",
    "storage_bucket": "crowner-c64ae.firebasestorage.app"
  },
  "client": [
    {
      "client_info": {
        "mobilesdk_app_id": "1:256648308753:android:d276e236cd74c6be4769b0",
        "android_client_info": {
          "package_name": "com.data.crowner"
        }
      },
      "oauth_client": [],
      "api_key": [
        {
          "current_key": "AIzaSyBUhPmreCrnCnwROeRbYhtO5okiXJ43IlY"
        }
      ],
      "services": {
        "appinvite_service": {
          "other_platform_oauth_client": []
        }
      }
    },
    {
      "client_info": {
        "mobilesdk_app_id": "1:256648308753:android:171f75dc355595864769b0",
        "android_client_info": {
          "package_name": "com.example.crowner"
        }
      },
      "oauth_client": [],
      "api_key": [
        {
          "current_key": "AIzaSyBUhPmreCrnCnwROeRbYhtO5okiXJ43IlY"
        }
      ],
      "services": {
        "appinvite_service": {
          "other_platform_oauth_client": []
        }
      }
    }
  ],
  "configuration_version": "1"
}